city,lat,lng,date,temperature_2m_max,temperature_2m_min,precipitation_sum,precipitation_probability_max,wind_speed_10m_max,wind_gusts_10m_max,weather_code
Casablanca,33.5992,-7.62,2026-09-17,19.7,19.7,0.0,0,12.8,36.0,3
Casablanca,33.5992,-7.62,2026-09-18,18.4,18.4,0.0,0,12.0,32.8,3
Casablanca,33.5992,-7.62,2026-09-19,19.4,19.4,0.0,0,11.9,31.7,45
Casablanca,33.5992,-7.62,2026-09-20,21.1,21.1,0.0,0,10.2,29.9,45
Casablanca,33.5992,-7.62,2026-09-21,21.1,21.1,0.0,0,10.8,31.3,45
Casablanca,33.5992,-7.62,2026-09-22,20.9,20.9,0.0,0,11.4,29.9,45
Casablanca,33.5992,-7.62,2026-09-23,20.9,20.9,0.0,0,12.3,32.4,45
Tangier,35.7767,-5.8039,2026-09-17,17.6,17.6,0.0,0,10.6,25.6,3
Tangier,35.7767,-5.8039,2026-09-18,18.5,18.5,0.0,0,19.2,45.7,3
Tangier,35.7767,-5.8039,2026-09-19,22.7,22.7,0.0,0,29.7,71.6,2
Tangier,35.7767,-5.8039,2026-09-20,24.1,24.1,0.0,0,30.6,74.9,2
Tangier,35.7767,-5.8039,2026-09-21,23.3,23.3,0.0,0,27.7,66.2,2
Tangier,35.7767,-5.8039,2026-09-22,22.1,22.1,0.0,0,32.8,60.8,1
Tangier,35.7767,-5.8039,2026-09-23,22.3,22.3,0.0,0,29.3,54.7,1
Fès,34.0433,-5.0033,2026-09-17,18.0,18.0,0.0,0,12.2,32.4,3
Fès,34.0433,-5.0033,2026-09-18,17.8,17.8,0.0,0,10.0,27.7,2
Fès,34.0433,-5.0033,2026-09-19,20.9,20.9,0.0,0,17.8,45.4,2
Fès,34.0433,-5.0033,2026-09-20,22.7,22.7,0.0,0,14.8,38.9,2
Fès,34.0433,-5.0033,2026-09-21,22.9,22.9,0.0,3,14.5,36.7,2
Fès,34.0433,-5.0033,2026-09-22,21.7,21.7,0.0,0,11.3,28.8,1
Fès,34.0433,-5.0033,2026-09-23,22.0,22.0,0.0,0,12.3,30.2,1
Marrakech,31.6295,-7.9811,2026-09-17,18.3,18.3,0.0,0,10.6,31.0,2
Marrakech,31.6295,-7.9811,2026-09-18,18.3,18.3,0.0,0,7.6,23.0,1
Marrakech,31.6295,-7.9811,2026-09-19,20.6,20.6,0.0,5,9.1,25.6,3
Marrakech,31.6295,-7.9811,2026-09-20,22.8,22.8,1.5,25,10.4,30.6,80
Marrakech,31.6295,-7.9811,2026-09-21,23.3,23.3,0.0,13,12.4,33.8,3
Marrakech,31.6295,-7.9811,2026-09-22,21.7,21.7,0.0,6,14.0,25.2,1
Marrakech,31.6295,-7.9811,2026-09-23,20.5,20.5,0.0,3,13.3,23.4,2
Sale,34.05,-6.8167,2026-09-17,18.6,18.6,0.0,0,11.8,31.7,3
Sale,34.05,-6.8167,2026-09-18,17.1,17.1,0.0,0,13.2,33.8,45
Sale,34.05,-6.8167,2026-09-19,17.2,17.2,0.0,0,12.2,32.4,45
Sale,34.05,-6.8167,2026-09-20,20.7,20.7,0.0,0,10.3,27.7,2
Sale,34.05,-6.8167,2026-09-21,21.3,21.3,0.0,0,11.5,30.6,1
Sale,34.05,-6.8167,2026-09-22,20.6,20.6,0.0,0,11.4,26.6,45
Sale,34.05,-6.8167,2026-09-23,20.1,20.1,0.0,0,11.9,28.4,45
Meknès,33.8833,-5.55,2026-09-17,15.4,15.4,0.0,0,12.9,34.6,45
Meknès,33.8833,-5.55,2026-09-18,15.9,15.9,0.0,0,12.9,36.0,3
Meknès,33.8833,-5.55,2026-09-19,18.9,18.9,0.0,3,11.3,31.7,2
Meknès,33.8833,-5.55,2026-09-20,22.1,22.1,0.0,0,13.0,35.6,2
Meknès,33.8833,-5.55,2026-09-21,21.0,21.0,0.0,3,13.9,36.4,2
Meknès,33.8833,-5.55,2026-09-22,19.8,19.8,0.0,0,14.8,34.2,1
Meknès,33.8833,-5.55,2026-09-23,20.0,20.0,0.0,0,16.1,36.7,1
Rabat,34.0211,-6.8414,2026-09-17,18.6,18.6,0.0,0,11.8,31.7,3
Rabat,34.0211,-6.8414,2026-09-18,17.1,17.1,0.0,0,13.2,33.8,45
Rabat,34.0211,-6.8414,2026-09-19,17.2,17.2,0.0,0,12.2,32.4,45
Rabat,34.0211,-6.8414,2026-09-20,20.7,20.7,0.0,0,10.3,27.7,2
Rabat,34.0211,-6.8414,2026-09-21,21.3,21.3,0.0,0,11.5,30.6,1
Rabat,34.0211,-6.8414,2026-09-22,20.7,20.7,0.0,0,11.4,26.6,45
Rabat,34.0211,-6.8414,2026-09-23,20.2,20.2,0.0,0,11.9,28.4,45
Agadir,30.4214,-9.5831,2026-09-17,20.5,20.5,0.0,0,14.5,37.1,3
Agadir,30.4214,-9.5831,2026-09-18,19.7,19.7,0.0,0,12.4,35.6,1
Agadir,30.4214,-9.5831,2026-09-19,20.4,20.4,0.0,0,13.3,37.8,2
Agadir,30.4214,-9.5831,2026-09-20,20.5,20.5,0.0,0,13.1,36.4,45
Agadir,30.4214,-9.5831,2026-09-21,21.7,21.7,0.0,0,9.7,29.9,45
Agadir,30.4214,-9.5831,2026-09-22,21.6,21.6,0.0,0,17.2,33.1,45
Agadir,30.4214,-9.5831,2026-09-23,22.2,22.2,0.0,0,14.0,28.4,0
Kenitra,34.25,-6.5833,2026-09-17,18.3,18.3,0.0,0,12.1,30.6,3
Kenitra,34.25,-6.5833,2026-09-18,16.5,16.5,0.0,0,14.4,36.0,45
Kenitra,34.25,-6.5833,2026-09-19,17.0,17.0,0.0,0,14.6,37.4,45
Kenitra,34.25,-6.5833,2026-09-20,20.3,20.3,0.0,0,12.2,31.3,2
Kenitra,34.25,-6.5833,2026-09-21,20.8,20.8,0.0,0,12.8,32.4,45
Kenitra,34.25,-6.5833,2026-09-22,20.5,20.5,0.0,0,11.8,27.4,45
Kenitra,34.25,-6.5833,2026-09-23,19.6,19.6,0.0,0,12.6,29.5,45
Oujda-Angad,34.6867,-1.9114,2026-09-17,15.6,15.6,0.0,0,18.4,38.2,3
Oujda-Angad,34.6867,-1.9114,2026-09-18,16.5,16.5,0.0,3,19.0,40.3,45
Oujda-Angad,34.6867,-1.9114,2026-09-19,18.6,18.6,3.5,45,16.2,42.1,81
Oujda-Angad,34.6867,-1.9114,2026-09-20,19.1,19.1,0.0,8,19.1,40.7,3
Oujda-Angad,34.6867,-1.9114,2026-09-21,19.5,19.5,0.0,5,17.3,38.2,45
Oujda-Angad,34.6867,-1.9114,2026-09-22,17.4,17.4,0.0,5,21.7,41.8,45
Oujda-Angad,34.6867,-1.9114,2026-09-23,17.1,17.1,0.0,3,22.1,40.0,1
Tétouan,35.5667,-5.3667,2026-09-17,14.6,14.6,0.0,0,10.6,28.1,3
Tétouan,35.5667,-5.3667,2026-09-18,18.6,18.6,0.0,0,19.1,46.8,3
Tétouan,35.5667,-5.3667,2026-09-19,22.3,22.3,0.0,0,32.8,78.5,2
Tétouan,35.5667,-5.3667,2026-09-20,23.6,23.6,0.0,0,27.5,67.7,3
Tétouan,35.5667,-5.3667,2026-09-21,23.1,23.1,0.0,0,24.0,63.0,3
Tétouan,35.5667,-5.3667,2026-09-22,22.3,22.3,0.0,0,26.7,54.7,2
Tétouan,35.5667,-5.3667,2026-09-23,22.4,22.4,0.0,0,19.0,46.8,2
Safi,32.2833,-9.2333,2026-09-17,19.2,19.2,0.0,0,20.2,37.1,3
Safi,32.2833,-9.2333,2026-09-18,18.7,18.7,0.0,0,22.0,39.2,2
Safi,32.2833,-9.2333,2026-09-19,18.7,18.7,0.0,0,19.2,34.9,2
Safi,32.2833,-9.2333,2026-09-20,19.7,19.7,0.0,0,10.4,20.5,45
Safi,32.2833,-9.2333,2026-09-21,19.4,19.4,0.0,0,11.0,21.6,45
Safi,32.2833,-9.2333,2026-09-22,18.8,18.8,0.0,0,13.7,25.9,45
Safi,32.2833,-9.2333,2026-09-23,20.1,20.1,0.0,0,16.3,31.3,45
Taourirt,34.41,-2.89,2026-09-17,20.1,20.1,0.0,0,24.8,40.3,3
Taourirt,34.41,-2.89,2026-09-18,18.6,18.6,0.0,3,28.8,48.6,45
Taourirt,34.41,-2.89,2026-09-19,20.1,20.1,0.4,10,30.8,54.4,3
Taourirt,34.41,-2.89,2026-09-20,21.3,21.3,0.0,3,30.0,53.6,3
Taourirt,34.41,-2.89,2026-09-21,21.3,21.3,0.0,3,27.8,47.5,3
Taourirt,34.41,-2.89,2026-09-22,19.8,19.8,0.0,0,22.1,37.1,45
Taourirt,34.41,-2.89,2026-09-23,19.9,19.9,0.0,0,25.2,43.2,0
Temara,33.9234,-6.9076,2026-09-17,18.4,18.4,0.0,0,12.2,33.5,3
Temara,33.9234,-6.9076,2026-09-18,16.4,16.4,0.0,0,13.2,33.8,3
Temara,33.9234,-6.9076,2026-09-19,16.5,16.5,0.0,0,11.9,32.0,3
Temara,33.9234,-6.9076,2026-09-20,20.1,20.1,0.0,0,9.7,27.7,2
Temara,33.9234,-6.9076,2026-09-21,20.6,20.6,0.0,0,11.0,31.0,1
Temara,33.9234,-6.9076,2026-09-22,20.5,20.5,0.0,0,11.5,23.8,45
Temara,33.9234,-6.9076,2026-09-23,20.1,20.1,0.0,0,12.2,25.6,45
Laâyoune,27.15,-13.2,2026-09-17,21.4,21.4,0.2,0,31.1,60.5,51
Laâyoune,27.15,-13.2,2026-09-18,19.9,19.9,0.4,6,26.9,52.2,51
Laâyoune,27.15,-13.2,2026-09-19,18.4,18.4,0.0,0,24.2,47.9,3
Laâyoune,27.15,-13.2,2026-09-20,18.9,18.9,0.0,0,20.8,41.8,3
Laâyoune,27.15,-13.2,2026-09-21,19.4,19.4,0.0,2,23.5,46.8,3
Laâyoune,27.15,-13.2,2026-09-22,19.9,19.9,0.0,5,24.5,49.0,3
Laâyoune,27.15,-13.2,2026-09-23,19.3,19.3,0.0,6,21.7,46.4,1
El Jadid,33.2566,-8.5025,2026-09-17,20.4,20.4,0.0,0,13.9,25.6,3
El Jadid,33.2566,-8.5025,2026-09-18,19.9,19.9,0.0,0,18.3,33.1,3
El Jadid,33.2566,-8.5025,2026-09-19,20.2,20.2,0.0,0,16.0,29.2,2
El Jadid,33.2566,-8.5025,2026-09-20,20.8,20.8,0.0,0,12.7,23.8,45
El Jadid,33.2566,-8.5025,2026-09-21,21.1,21.1,0.0,0,12.7,24.5,45
El Jadid,33.2566,-8.5025,2026-09-22,21.5,21.5,0.0,0,11.6,24.1,45
El Jadid,33.2566,-8.5025,2026-09-23,20.8,20.8,0.0,0,15.0,30.2,45
Ait Melloul,30.3342,-9.4972,2026-09-17,21.2,21.2,0.0,0,17.0,34.6,3
Ait Melloul,30.3342,-9.4972,2026-09-18,19.8,19.8,0.0,0,17.2,34.6,1
Ait Melloul,30.3342,-9.4972,2026-09-19,20.3,20.3,0.0,0,19.9,39.6,3
Ait Melloul,30.3342,-9.4972,2026-09-20,20.7,20.7,0.0,0,18.4,37.4,2
Ait Melloul,30.3342,-9.4972,2026-09-21,19.9,19.9,0.0,0,15.8,33.5,2
Ait Melloul,30.3342,-9.4972,2026-09-22,20.1,20.1,0.0,0,17.2,33.1,2
Ait Melloul,30.3342,-9.4972,2026-09-23,22.5,22.5,0.0,0,14.0,28.4,0
Béni Mellal,32.3394,-6.3608,2026-09-17,18.8,18.8,0.0,0,10.6,26.6,3
Béni Mellal,32.3394,-6.3608,2026-09-18,18.9,18.9,0.0,0,9.9,32.4,3
Béni Mellal,32.3394,-6.3608,2026-09-19,22.5,22.5,0.0,0,11.1,24.5,3
Béni Mellal,32.3394,-6.3608,2026-09-20,25.1,25.1,0.0,2,18.1,38.9,3
Béni Mellal,32.3394,-6.3608,2026-09-21,24.8,24.8,0.0,8,18.2,51.5,2
Béni Mellal,32.3394,-6.3608,2026-09-22,24.4,24.4,0.0,2,18.3,34.2,1
Béni Mellal,32.3394,-6.3608,2026-09-23,24.4,24.4,0.0,0,16.6,31.3,1
Bouskoura,33.4489,-7.6486,2026-09-17,18.6,18.6,0.0,0,14.9,37.4,3
Bouskoura,33.4489,-7.6486,2026-09-18,17.5,17.5,0.0,0,14.3,35.6,3
Bouskoura,33.4489,-7.6486,2026-09-19,18.5,18.5,0.0,0,14.1,35.3,45
Bouskoura,33.4489,-7.6486,2026-09-20,20.6,20.6,0.0,0,13.2,34.2,45
Bouskoura,33.4489,-7.6486,2026-09-21,19.9,19.9,0.0,0,15.0,37.8,45
Bouskoura,33.4489,-7.6486,2026-09-22,20.0,20.0,0.0,0,11.4,29.9,45
Bouskoura,33.4489,-7.6486,2026-09-23,20.1,20.1,0.0,3,12.3,32.4,45
Tiznit,29.7,-9.7269,2026-09-17,19.9,19.9,0.0,0,22.4,37.4,3
Tiznit,29.7,-9.7269,2026-09-18,19.0,19.0,0.0,0,20.8,35.3,2
Tiznit,29.7,-9.7269,2026-09-19,19.6,19.6,0.0,0,15.7,26.3,2
Tiznit,29.7,-9.7269,2026-09-20,20.0,20.0,0.0,0,14.4,25.6,2
Tiznit,29.7,-9.7269,2026-09-21,21.5,21.5,0.0,0,13.1,22.3,1
Tiznit,29.7,-9.7269,2026-09-22,20.0,20.0,0.0,0,15.7,25.6,0
Tiznit,29.7,-9.7269,2026-09-23,19.4,19.4,0.0,3,14.8,25.9,0
Mohammedia,33.6833,-7.3833,2026-09-17,19.1,19.1,0.0,0,14.0,34.2,3
Mohammedia,33.6833,-7.3833,2026-09-18,17.1,17.1,0.0,0,12.2,31.3,3
Mohammedia,33.6833,-7.3833,2026-09-19,17.9,17.9,0.0,0,13.3,31.7,45
Mohammedia,33.6833,-7.3833,2026-09-20,20.6,20.6,0.0,0,11.5,28.4,45
Mohammedia,33.6833,-7.3833,2026-09-21,20.7,20.7,0.0,0,12.0,29.2,45
Mohammedia,33.6833,-7.3833,2026-09-22,20.4,20.4,0.0,0,15.2,29.2,45
Mohammedia,33.6833,-7.3833,2026-09-23,20.2,20.2,0.0,0,16.9,32.0,45
Kouribga,32.88,-6.9,2026-09-17,14.4,14.4,0.0,0,18.8,37.4,3
Kouribga,32.88,-6.9,2026-09-18,15.1,15.1,0.0,0,18.4,35.3,3
Kouribga,32.88,-6.9,2026-09-19,18.1,18.1,0.0,0,18.4,35.6,3
Kouribga,32.88,-6.9,2026-09-20,22.6,22.6,0.0,8,18.9,40.0,3
Kouribga,32.88,-6.9,2026-09-21,21.2,21.2,0.3,5,20.2,41.0,2
Kouribga,32.88,-6.9,2026-09-22,17.9,17.9,0.0,1,18.2,39.2,2
Kouribga,32.88,-6.9,2026-09-23,17.1,17.1,0.0,3,20.9,42.5,1
Settat,33.0023,-7.6198,2026-09-17,16.6,16.6,0.0,0,17.6,37.1,3
Settat,33.0023,-7.6198,2026-09-18,16.5,16.5,0.0,0,16.9,36.4,3
Settat,33.0023,-7.6198,2026-09-19,16.7,16.7,0.0,0,16.8,36.0,2
Settat,33.0023,-7.6198,2026-09-20,21.6,21.6,0.0,0,16.4,36.4,2
Settat,33.0023,-7.6198,2026-09-21,21.0,21.0,0.0,0,18.8,41.0,2
Settat,33.0023,-7.6198,2026-09-22,18.3,18.3,0.0,3,16.7,34.6,0
Settat,33.0023,-7.6198,2026-09-23,18.6,18.6,0.0,3,18.1,36.4,45
Barrechid,33.27,-7.5872,2026-09-17,17.4,17.4,0.0,0,17.2,31.3,3
Barrechid,33.27,-7.5872,2026-09-18,17.0,17.0,0.0,0,17.5,31.7,3
Barrechid,33.27,-7.5872,2026-09-19,16.8,16.8,0.0,0,16.2,29.5,45
Barrechid,33.27,-7.5872,2026-09-20,20.9,20.9,0.0,0,16.6,32.8,45
Barrechid,33.27,-7.5872,2026-09-21,19.4,19.4,0.0,0,19.2,36.7,45
Barrechid,33.27,-7.5872,2026-09-22,19.0,19.0,0.0,0,17.8,32.8,45
Barrechid,33.27,-7.5872,2026-09-23,18.9,18.9,0.0,0,19.4,35.6,45
Ad Dakhla,23.7167,-15.95,2026-09-17,20.6,20.6,0.0,0,41.3,52.9,2
Ad Dakhla,23.7167,-15.95,2026-09-18,20.4,20.4,0.0,0,36.2,45.0,0
Ad Dakhla,23.7167,-15.95,2026-09-19,19.9,19.9,0.0,0,30.2,37.4,0
Ad Dakhla,23.7167,-15.95,2026-09-20,19.4,19.4,0.0,0,31.8,40.0,0
Ad Dakhla,23.7167,-15.95,2026-09-21,20.4,20.4,0.0,5,30.8,38.5,0
Ad Dakhla,23.7167,-15.95,2026-09-22,20.4,20.4,0.0,9,30.2,40.3,0
Ad Dakhla,23.7167,-15.95,2026-09-23,20.4,20.4,0.0,6,30.1,37.1,2
Nador,35.1667,-2.9333,2026-09-17,21.6,21.6,0.2,0,14.3,32.0,80
Nador,35.1667,-2.9333,2026-09-18,22.0,22.0,0.6,3,14.6,32.8,80
Nador,35.1667,-2.9333,2026-09-19,23.0,23.0,1.7,3,23.9,52.6,80
Nador,35.1667,-2.9333,2026-09-20,24.0,24.0,4.3,5,24.4,50.4,80
Nador,35.1667,-2.9333,2026-09-21,23.7,23.7,1.2,10,17.2,38.2,3
Nador,35.1667,-2.9333,2026-09-22,21.7,21.7,0.0,3,20.4,35.6,2
Nador,35.1667,-2.9333,2026-09-23,21.5,21.5,0.0,0,16.6,29.9,2
Taza,34.2144,-4.0088,2026-09-17,16.9,16.9,0.0,0,14.3,31.0,3
Taza,34.2144,-4.0088,2026-09-18,18.2,18.2,0.0,0,16.9,35.6,2
Taza,34.2144,-4.0088,2026-09-19,19.3,19.3,0.0,0,24.6,51.8,3
Taza,34.2144,-4.0088,2026-09-20,20.4,20.4,0.0,0,21.4,45.0,3
Taza,34.2144,-4.0088,2026-09-21,20.5,20.5,0.0,5,19.4,43.6,2
Taza,34.2144,-4.0088,2026-09-22,19.7,19.7,0.0,1,13.7,27.4,2
Taza,34.2144,-4.0088,2026-09-23,18.7,18.7,0.0,0,17.4,32.4,0
Inezgane,30.3658,-9.5381,2026-09-17,20.7,20.7,0.0,0,13.7,38.5,3
Inezgane,30.3658,-9.5381,2026-09-18,19.4,19.4,0.0,0,13.0,37.1,1
Inezgane,30.3658,-9.5381,2026-09-19,19.9,19.9,0.0,0,14.8,41.0,45
Inezgane,30.3658,-9.5381,2026-09-20,20.0,20.0,0.0,0,14.5,41.4,45
Inezgane,30.3658,-9.5381,2026-09-21,19.8,19.8,0.0,0,11.9,33.1,45
Inezgane,30.3658,-9.5381,2026-09-22,19.6,19.6,0.0,0,17.2,33.1,45
Inezgane,30.3658,-9.5381,2026-09-23,22.5,22.5,0.0,0,14.0,28.4,0
Larache,35.1833,-6.15,2026-09-17,17.7,17.7,0.0,0,12.4,23.8,3
Larache,35.1833,-6.15,2026-09-18,14.9,14.9,0.0,0,17.1,33.1,45
Larache,35.1833,-6.15,2026-09-19,17.9,17.9,0.0,0,19.5,35.3,2
Larache,35.1833,-6.15,2026-09-20,25.7,25.7,0.0,0,14.2,29.2,1
Larache,35.1833,-6.15,2026-09-21,22.9,22.9,0.0,0,14.1,26.3,1
Larache,35.1833,-6.15,2026-09-22,19.8,19.8,0.0,0,15.0,28.4,2
Larache,35.1833,-6.15,2026-09-23,18.5,18.5,0.0,0,13.5,25.2,2
Al Khmissat,33.81,-6.06,2026-09-17,15.1,15.1,0.0,0,14.2,29.9,45
Al Khmissat,33.81,-6.06,2026-09-18,15.7,15.7,0.0,0,16.2,33.8,3
Al Khmissat,33.81,-6.06,2026-09-19,17.8,17.8,0.0,0,13.9,31.0,2
Al Khmissat,33.81,-6.06,2026-09-20,22.3,22.3,0.0,0,15.4,29.9,2
Al Khmissat,33.81,-6.06,2026-09-21,21.1,21.1,0.0,3,16.5,33.5,2
Al Khmissat,33.81,-6.06,2026-09-22,19.2,19.2,0.0,0,15.2,29.9,3
Al Khmissat,33.81,-6.06,2026-09-23,17.2,17.2,0.0,3,20.0,37.8,1
Guelmim,28.9833,-10.0667,2026-09-17,18.9,18.9,0.0,0,29.5,49.0,3
Guelmim,28.9833,-10.0667,2026-09-18,17.2,17.2,0.0,0,24.1,42.5,1
Guelmim,28.9833,-10.0667,2026-09-19,18.1,18.1,0.0,0,20.6,37.1,3
Guelmim,28.9833,-10.0667,2026-09-20,17.0,17.0,0.0,0,22.3,41.0,1
Guelmim,28.9833,-10.0667,2026-09-21,19.9,19.9,0.0,2,16.5,32.8,0
Guelmim,28.9833,-10.0667,2026-09-22,21.9,21.9,0.0,2,16.6,32.8,2
Guelmim,28.9833,-10.0667,2026-09-23,20.2,20.2,0.0,2,13.4,33.1,3
Ksar El Kebir,35.0,-5.9,2026-09-17,18.8,18.8,0.0,0,14.3,27.4,3
Ksar El Kebir,35.0,-5.9,2026-09-18,16.0,16.0,0.0,0,18.3,36.4,45
Ksar El Kebir,35.0,-5.9,2026-09-19,18.8,18.8,0.0,0,7.4,18.0,2
Ksar El Kebir,35.0,-5.9,2026-09-20,22.3,22.3,0.0,0,10.6,25.6,1
Ksar El Kebir,35.0,-5.9,2026-09-21,22.9,22.9,0.0,0,13.5,26.3,2
Ksar El Kebir,35.0,-5.9,2026-09-22,21.4,21.4,0.0,0,16.0,31.7,2
Ksar El Kebir,35.0,-5.9,2026-09-23,20.3,20.3,0.0,0,14.8,29.2,1
Khénifra,32.93,-5.66,2026-09-17,15.7,15.7,0.0,0,16.6,31.7,3
Khénifra,32.93,-5.66,2026-09-18,15.6,15.6,0.0,0,18.5,34.2,3
Khénifra,32.93,-5.66,2026-09-19,19.3,19.3,0.0,3,23.7,50.4,3
Khénifra,32.93,-5.66,2026-09-20,22.0,22.0,0.0,2,21.5,43.6,3
Khénifra,32.93,-5.66,2026-09-21,20.8,20.8,1.2,8,11.9,29.5,80
Khénifra,32.93,-5.66,2026-09-22,18.7,18.7,0.0,4,14.2,25.9,2
Khénifra,32.93,-5.66,2026-09-23,19.3,19.3,0.0,3,16.0,28.4,2
Skhirate,33.85,-7.03,2026-09-17,18.7,18.7,0.0,0,12.9,29.2,3
Skhirate,33.85,-7.03,2026-09-18,17.0,17.0,0.0,0,13.7,31.0,3
Skhirate,33.85,-7.03,2026-09-19,17.1,17.1,0.0,0,12.2,27.4,3
Skhirate,33.85,-7.03,2026-09-20,19.9,19.9,0.0,0,10.5,25.2,2
Skhirate,33.85,-7.03,2026-09-21,20.5,20.5,0.0,0,12.3,27.4,2
Skhirate,33.85,-7.03,2026-09-22,20.4,20.4,0.0,0,11.5,23.8,45
Skhirate,33.85,-7.03,2026-09-23,20.2,20.2,0.0,0,12.2,25.6,45
Beni Yakhlef,33.6555,-7.3221,2026-09-17,17.8,17.8,0.0,0,16.3,31.0,3
Beni Yakhlef,33.6555,-7.3221,2026-09-18,16.1,16.1,0.0,0,15.9,29.5,3
Beni Yakhlef,33.6555,-7.3221,2026-09-19,16.7,16.7,0.0,0,16.8,31.0,45
Beni Yakhlef,33.6555,-7.3221,2026-09-20,20.0,20.0,0.0,0,15.1,28.1,45
Beni Yakhlef,33.6555,-7.3221,2026-09-21,19.7,19.7,0.0,0,17.1,32.0,45
Beni Yakhlef,33.6555,-7.3221,2026-09-22,19.7,19.7,0.0,0,15.2,29.2,45
Beni Yakhlef,33.6555,-7.3221,2026-09-23,19.7,19.7,0.0,0,16.9,32.0,45
Sidi Yahya Zaer,33.7105,-6.8831,2026-09-17,15.9,15.9,0.0,0,16.0,32.8,3
Sidi Yahya Zaer,33.7105,-6.8831,2026-09-18,15.2,15.2,0.0,0,16.2,32.8,45
Sidi Yahya Zaer,33.7105,-6.8831,2026-09-19,16.6,16.6,0.0,0,15.6,32.0,3
Sidi Yahya Zaer,33.7105,-6.8831,2026-09-20,20.9,20.9,0.0,0,16.3,33.1,2
Sidi Yahya Zaer,33.7105,-6.8831,2026-09-21,20.0,20.0,0.0,0,16.4,34.6,1
Sidi Yahya Zaer,33.7105,-6.8831,2026-09-22,18.6,18.6,0.0,0,15.0,30.2,1
Sidi Yahya Zaer,33.7105,-6.8831,2026-09-23,16.4,16.4,0.0,0,16.0,32.8,45
Ben Guerir,32.23,-7.95,2026-09-17,16.5,16.5,0.0,0,17.3,34.6,3
Ben Guerir,32.23,-7.95,2026-09-18,16.6,16.6,0.0,0,14.8,31.0,2
Ben Guerir,32.23,-7.95,2026-09-19,18.6,18.6,0.0,0,17.7,36.7,2
Ben Guerir,32.23,-7.95,2026-09-20,22.5,22.5,0.0,5,16.6,35.6,2
Ben Guerir,32.23,-7.95,2026-09-21,22.6,22.6,0.0,5,20.1,41.0,1
Ben Guerir,32.23,-7.95,2026-09-22,19.3,19.3,0.0,5,18.3,32.0,1
Ben Guerir,32.23,-7.95,2026-09-23,19.1,19.1,0.0,0,19.7,34.6,0
Ait Ali,30.1739,-9.4881,2026-09-17,20.8,20.8,0.0,0,24.9,40.3,3
Ait Ali,30.1739,-9.4881,2026-09-18,19.6,19.6,0.0,0,22.5,36.4,2
Ait Ali,30.1739,-9.4881,2026-09-19,20.1,20.1,0.0,0,20.5,34.2,2
Ait Ali,30.1739,-9.4881,2026-09-20,20.4,20.4,0.0,0,19.5,32.4,2
Ait Ali,30.1739,-9.4881,2026-09-21,20.3,20.3,0.0,0,18.2,30.2,0
Ait Ali,30.1739,-9.4881,2026-09-22,20.5,20.5,0.0,0,18.0,32.8,0
Ait Ali,30.1739,-9.4881,2026-09-23,21.1,21.1,0.0,0,18.9,33.1,0
My Drarga,30.3805,-9.4763,2026-09-17,20.6,20.6,0.0,0,17.9,39.6,3
My Drarga,30.3805,-9.4763,2026-09-18,19.3,19.3,0.0,0,15.6,37.1,1
My Drarga,30.3805,-9.4763,2026-09-19,19.8,19.8,0.0,0,17.5,38.5,45
My Drarga,30.3805,-9.4763,2026-09-20,20.2,20.2,0.0,0,16.6,36.7,45
My Drarga,30.3805,-9.4763,2026-09-21,20.8,20.8,0.0,0,12.0,28.4,45
My Drarga,30.3805,-9.4763,2026-09-22,20.5,20.5,0.0,0,17.2,33.1,45
My Drarga,30.3805,-9.4763,2026-09-23,22.4,22.4,0.0,0,14.0,28.4,0
Lqoliaa,30.2942,-9.4544,2026-09-17,20.7,20.7,0.0,0,17.8,39.6,3
Lqoliaa,30.2942,-9.4544,2026-09-18,19.5,19.5,0.0,0,18.7,40.7,2
Lqoliaa,30.2942,-9.4544,2026-09-19,19.9,19.9,0.0,0,20.5,45.0,2
Lqoliaa,30.2942,-9.4544,2026-09-20,20.2,20.2,0.0,0,18.7,43.6,2
Lqoliaa,30.2942,-9.4544,2026-09-21,19.5,19.5,0.0,0,17.7,38.2,45
Lqoliaa,30.2942,-9.4544,2026-09-22,19.7,19.7,0.0,0,17.2,38.2,45
Lqoliaa,30.2942,-9.4544,2026-09-23,19.6,19.6,0.0,0,17.0,37.4,0
El Kelaa des Srarhna,32.05,-7.4,2026-09-17,17.4,17.4,0.0,0,16.8,28.8,2
El Kelaa des Srarhna,32.05,-7.4,2026-09-18,17.9,17.9,0.0,0,13.6,23.4,3
El Kelaa des Srarhna,32.05,-7.4,2026-09-19,20.3,20.3,0.0,0,16.2,27.7,3
El Kelaa des Srarhna,32.05,-7.4,2026-09-20,23.3,23.3,0.0,15,18.0,30.2,2
El Kelaa des Srarhna,32.05,-7.4,2026-09-21,23.0,23.0,0.0,8,20.1,33.5,2
El Kelaa des Srarhna,32.05,-7.4,2026-09-22,21.6,21.6,0.0,2,13.9,24.1,1
El Kelaa des Srarhna,32.05,-7.4,2026-09-23,20.2,20.2,0.0,0,15.6,27.0,1
Moulay Abdallah,33.1978,-8.5883,2026-09-17,20.3,20.3,0.0,0,16.2,24.8,3
Moulay Abdallah,33.1978,-8.5883,2026-09-18,19.8,19.8,0.0,0,19.9,32.4,2
Moulay Abdallah,33.1978,-8.5883,2026-09-19,20.1,20.1,0.0,0,17.6,28.1,2
Moulay Abdallah,33.1978,-8.5883,2026-09-20,20.5,20.5,0.0,0,13.4,21.6,45
Moulay Abdallah,33.1978,-8.5883,2026-09-21,20.8,20.8,0.0,0,13.5,20.9,45
Moulay Abdallah,33.1978,-8.5883,2026-09-22,21.0,21.0,0.0,0,11.8,23.8,45
Moulay Abdallah,33.1978,-8.5883,2026-09-23,20.8,20.8,0.0,0,15.6,31.0,45
Tiflet,33.9,-6.33,2026-09-17,15.9,15.9,0.0,0,13.7,28.4,3
Tiflet,33.9,-6.33,2026-09-18,15.7,15.7,0.0,0,16.6,34.2,3
Tiflet,33.9,-6.33,2026-09-19,18.0,18.0,0.0,0,15.5,32.0,2
Tiflet,33.9,-6.33,2026-09-20,22.3,22.3,0.0,0,14.0,29.9,2
Tiflet,33.9,-6.33,2026-09-21,22.0,22.0,0.0,5,15.7,32.8,1
Tiflet,33.9,-6.33,2026-09-22,20.7,20.7,0.0,1,15.4,32.0,2
Tiflet,33.9,-6.33,2026-09-23,20.0,20.0,0.0,0,18.0,36.0,1
Oulad Teïma,30.4,-9.21,2026-09-17,19.8,19.8,0.0,0,25.2,47.9,45
Oulad Teïma,30.4,-9.21,2026-09-18,18.7,18.7,0.0,0,22.9,42.5,2
Oulad Teïma,30.4,-9.21,2026-09-19,19.1,19.1,0.0,0,24.2,45.7,45
Oulad Teïma,30.4,-9.21,2026-09-20,19.5,19.5,0.0,0,23.7,44.3,45
Oulad Teïma,30.4,-9.21,2026-09-21,20.5,20.5,0.0,0,23.7,42.8,3
Oulad Teïma,30.4,-9.21,2026-09-22,19.5,19.5,0.0,0,28.3,47.2,3
Oulad Teïma,30.4,-9.21,2026-09-23,19.6,19.6,0.0,3,25.8,44.6,0
Berkane,34.9167,-2.3167,2026-09-17,17.9,17.9,0.0,0,15.4,32.8,3
Berkane,34.9167,-2.3167,2026-09-18,18.2,18.2,0.0,3,19.1,39.6,3
Berkane,34.9167,-2.3167,2026-09-19,19.8,19.8,0.1,5,20.1,44.3,45
Berkane,34.9167,-2.3167,2026-09-20,21.2,21.2,0.0,0,18.3,37.8,45
Berkane,34.9167,-2.3167,2026-09-21,20.5,20.5,0.0,5,18.0,38.5,45
Berkane,34.9167,-2.3167,2026-09-22,19.9,19.9,0.0,3,14.6,27.4,45
Berkane,34.9167,-2.3167,2026-09-23,19.5,19.5,0.0,0,11.9,22.7,45
Ain El Aouda,33.8111,-6.7922,2026-09-17,16.5,16.5,0.0,0,15.5,31.0,3
Ain El Aouda,33.8111,-6.7922,2026-09-18,15.0,15.0,0.0,0,15.6,31.3,45
Ain El Aouda,33.8111,-6.7922,2026-09-19,15.5,15.5,0.0,0,15.1,30.2,45
Ain El Aouda,33.8111,-6.7922,2026-09-20,19.6,19.6,0.0,0,14.3,28.8,2
Ain El Aouda,33.8111,-6.7922,2026-09-21,19.5,19.5,0.0,0,15.8,31.3,1
Ain El Aouda,33.8111,-6.7922,2026-09-22,19.0,19.0,0.0,0,15.0,29.2,45
Ain El Aouda,33.8111,-6.7922,2026-09-23,17.2,17.2,0.0,0,16.5,32.0,45
Errachidia,31.9319,-4.4244,2026-09-17,20.8,20.8,0.0,28,21.3,53.6,3
Errachidia,31.9319,-4.4244,2026-09-18,20.3,20.3,0.0,20,21.9,67.3,3
Errachidia,31.9319,-4.4244,2026-09-19,22.3,22.3,0.4,19,18.7,43.6,61
Errachidia,31.9319,-4.4244,2026-09-20,20.0,20.0,0.1,13,11.0,24.8,3
Errachidia,31.9319,-4.4244,2026-09-21,21.5,21.5,3.3,38,12.9,29.2,80
Errachidia,31.9319,-4.4244,2026-09-22,19.0,19.0,0.0,17,12.3,23.8,3
Errachidia,31.9319,-4.4244,2026-09-23,20.2,20.2,0.0,18,12.1,20.2,2
Al Fqih Ben Çalah,32.507,-6.6886,2026-09-17,15.9,15.9,0.0,0,15.0,31.0,2
Al Fqih Ben Çalah,32.507,-6.6886,2026-09-18,17.0,17.0,0.0,0,10.6,22.0,3
Al Fqih Ben Çalah,32.507,-6.6886,2026-09-19,19.6,19.6,0.0,3,11.3,22.3,3
Al Fqih Ben Çalah,32.507,-6.6886,2026-09-20,23.8,23.8,0.0,3,17.7,35.6,3
Al Fqih Ben Çalah,32.507,-6.6886,2026-09-21,22.1,22.1,0.0,5,12.8,31.0,2
Al Fqih Ben Çalah,32.507,-6.6886,2026-09-22,20.8,20.8,0.0,3,12.7,24.5,2
Al Fqih Ben Çalah,32.507,-6.6886,2026-09-23,19.2,19.2,0.0,0,14.2,24.5,1
Ad Darwa,33.4167,-7.5333,2026-09-17,18.3,18.3,0.0,0,15.5,30.6,3
Ad Darwa,33.4167,-7.5333,2026-09-18,17.0,17.0,0.0,0,15.4,30.2,3
Ad Darwa,33.4167,-7.5333,2026-09-19,17.8,17.8,0.0,0,15.2,30.2,45
Ad Darwa,33.4167,-7.5333,2026-09-20,20.5,20.5,0.0,0,14.4,28.8,45
Ad Darwa,33.4167,-7.5333,2026-09-21,19.7,19.7,0.0,0,15.9,31.7,45
Ad Darwa,33.4167,-7.5333,2026-09-22,19.5,19.5,0.0,0,16.9,33.1,45
Ad Darwa,33.4167,-7.5333,2026-09-23,19.1,19.1,0.0,0,18.7,36.4,45
Martil,35.61,-5.27,2026-09-17,16.9,16.9,0.0,0,11.4,28.4,3
Martil,35.61,-5.27,2026-09-18,19.9,19.9,0.3,3,17.4,39.2,45
Martil,35.61,-5.27,2026-09-19,22.1,22.1,2.9,31,28.4,65.5,80
Martil,35.61,-5.27,2026-09-20,23.1,23.1,5.3,50,23.0,50.4,80
Martil,35.61,-5.27,2026-09-21,22.5,22.5,1.8,16,19.9,44.6,80
Martil,35.61,-5.27,2026-09-22,22.2,22.2,0.0,0,22.7,40.0,2
Martil,35.61,-5.27,2026-09-23,21.9,21.9,0.0,0,16.6,29.2,2
Sidi Slimane,34.26,-5.93,2026-09-17,18.8,18.8,0.0,0,14.3,31.3,3
Sidi Slimane,34.26,-5.93,2026-09-18,16.9,16.9,0.0,0,17.2,36.0,45
Sidi Slimane,34.26,-5.93,2026-09-19,18.4,18.4,0.0,0,14.2,31.7,1
Sidi Slimane,34.26,-5.93,2026-09-20,23.7,23.7,0.0,0,15.0,34.6,2
Sidi Slimane,34.26,-5.93,2026-09-21,22.0,22.0,0.0,3,15.6,37.1,1
Sidi Slimane,34.26,-5.93,2026-09-22,20.4,20.4,0.0,0,14.4,31.0,45
Sidi Slimane,34.26,-5.93,2026-09-23,18.8,18.8,0.0,0,14.2,33.1,45
Oued Zem,32.8619,-6.5711,2026-09-17,15.4,15.4,0.0,0,16.2,33.1,2
Oued Zem,32.8619,-6.5711,2026-09-18,16.0,16.0,0.0,0,17.5,37.1,3
Oued Zem,32.8619,-6.5711,2026-09-19,19.0,19.0,0.0,3,18.6,36.0,3
Oued Zem,32.8619,-6.5711,2026-09-20,23.5,23.5,0.0,3,18.4,38.5,3
Oued Zem,32.8619,-6.5711,2026-09-21,21.3,21.3,0.6,3,17.0,31.3,80
Oued Zem,32.8619,-6.5711,2026-09-22,19.1,19.1,0.0,0,20.1,36.0,2
Oued Zem,32.8619,-6.5711,2026-09-23,19.1,19.1,0.0,0,17.6,36.4,1
Sefrou,33.83,-4.83,2026-09-17,16.8,16.8,0.0,0,14.8,33.1,3
Sefrou,33.83,-4.83,2026-09-18,16.6,16.6,0.0,0,15.1,34.2,3
Sefrou,33.83,-4.83,2026-09-19,19.6,19.6,0.0,8,17.4,43.6,2
Sefrou,33.83,-4.83,2026-09-20,23.3,23.3,0.0,0,18.1,45.7,2
Sefrou,33.83,-4.83,2026-09-21,22.2,22.2,0.0,5,17.8,38.9,1
Sefrou,33.83,-4.83,2026-09-22,18.4,18.4,0.0,3,16.5,32.0,1
Sefrou,33.83,-4.83,2026-09-23,18.1,18.1,0.0,3,17.3,34.6,1
Taroudannt,30.4711,-8.8778,2026-09-17,18.8,18.8,0.0,0,23.4,45.7,45
Taroudannt,30.4711,-8.8778,2026-09-18,18.1,18.1,0.0,0,22.0,42.8,2
Taroudannt,30.4711,-8.8778,2026-09-19,18.9,18.9,0.0,0,21.6,43.6,2
Taroudannt,30.4711,-8.8778,2026-09-20,19.7,19.7,0.0,3,22.5,46.8,2
Taroudannt,30.4711,-8.8778,2026-09-21,22.0,22.0,0.0,0,24.8,52.6,2
Taroudannt,30.4711,-8.8778,2026-09-22,20.6,20.6,0.0,0,31.4,58.0,2
Taroudannt,30.4711,-8.8778,2026-09-23,18.2,18.2,0.0,3,24.3,47.2,0
Essaouira,31.513,-9.7687,2026-09-17,18.9,18.9,0.0,0,29.2,54.0,3
Essaouira,31.513,-9.7687,2026-09-18,19.1,19.1,0.0,0,30.0,54.7,1
Essaouira,31.513,-9.7687,2026-09-19,18.7,18.7,0.0,0,28.8,53.3,1
Essaouira,31.513,-9.7687,2026-09-20,19.5,19.5,0.0,0,13.1,25.9,45
Essaouira,31.513,-9.7687,2026-09-21,19.2,19.2,0.0,0,8.4,18.4,45
Essaouira,31.513,-9.7687,2026-09-22,18.4,18.4,0.0,0,10.5,20.5,45
Essaouira,31.513,-9.7687,2026-09-23,18.0,18.0,0.0,0,14.0,29.2,0
Azrou,33.4344,-5.2213,2026-09-17,15.1,15.1,0.0,0,15.1,34.9,3
Azrou,33.4344,-5.2213,2026-09-18,13.8,13.8,0.0,0,15.3,34.6,3
Azrou,33.4344,-5.2213,2026-09-19,17.9,17.9,0.1,15,17.3,40.0,3
Azrou,33.4344,-5.2213,2026-09-20,20.0,20.0,0.3,18,17.4,47.9,3
Azrou,33.4344,-5.2213,2026-09-21,18.5,18.5,0.0,15,18.0,42.1,1
Azrou,33.4344,-5.2213,2026-09-22,16.9,16.9,0.0,3,19.4,45.7,3
Azrou,33.4344,-5.2213,2026-09-23,18.4,18.4,0.0,3,15.9,41.8,1
Guercif,34.23,-3.36,2026-09-17,19.9,19.9,0.0,0,27.0,54.0,3
Guercif,34.23,-3.36,2026-09-18,18.9,18.9,0.0,3,29.4,54.4,3
Guercif,34.23,-3.36,2026-09-19,20.7,20.7,0.0,8,28.8,55.1,3
Guercif,34.23,-3.36,2026-09-20,20.9,20.9,0.0,5,29.2,60.5,3
Guercif,34.23,-3.36,2026-09-21,21.5,21.5,0.0,3,26.8,54.0,3
Guercif,34.23,-3.36,2026-09-22,19.9,19.9,0.0,0,26.2,43.6,2
Guercif,34.23,-3.36,2026-09-23,18.9,18.9,0.0,0,28.2,50.8,45
Warzat,30.9167,-6.9167,2026-09-17,18.0,18.0,0.6,30,16.1,36.4,80
Warzat,30.9167,-6.9167,2026-09-18,17.9,17.9,0.0,5,16.9,32.4,3
Warzat,30.9167,-6.9167,2026-09-19,20.5,20.5,0.0,5,19.7,36.7,3
Warzat,30.9167,-6.9167,2026-09-20,20.0,20.0,0.0,4,31.6,55.8,3
Warzat,30.9167,-6.9167,2026-09-21,20.5,20.5,0.3,10,23.1,40.0,3
Warzat,30.9167,-6.9167,2026-09-22,19.1,19.1,0.0,1,18.1,30.2,2
Warzat,30.9167,-6.9167,2026-09-23,17.3,17.3,0.0,5,4.9,11.9,2
Fnidq,35.8414,-5.3587,2026-09-17,17.4,17.4,0.0,0,11.2,24.1,3
Fnidq,35.8414,-5.3587,2026-09-18,19.6,19.6,0.4,3,16.2,32.8,45
Fnidq,35.8414,-5.3587,2026-09-19,21.8,21.8,1.2,31,24.0,47.5,3
Fnidq,35.8414,-5.3587,2026-09-20,22.2,22.2,5.1,50,25.5,50.0,80
Fnidq,35.8414,-5.3587,2026-09-21,22.1,22.1,1.2,16,19.8,39.6,3
Fnidq,35.8414,-5.3587,2026-09-22,21.7,21.7,0.0,0,22.7,40.0,2
Fnidq,35.8414,-5.3587,2026-09-23,21.9,21.9,0.0,0,16.6,29.2,2
Tan-Tan,28.4333,-11.1,2026-09-17,20.4,20.4,0.3,0,31.1,55.4,51
Tan-Tan,28.4333,-11.1,2026-09-18,19.1,19.1,0.0,0,25.7,46.8,3
Tan-Tan,28.4333,-11.1,2026-09-19,18.9,18.9,0.0,0,19.4,37.4,2
Tan-Tan,28.4333,-11.1,2026-09-20,19.6,19.6,0.0,0,18.3,34.9,3
Tan-Tan,28.4333,-11.1,2026-09-21,17.8,17.8,0.0,2,20.7,40.7,3
Tan-Tan,28.4333,-11.1,2026-09-22,18.7,18.7,0.0,1,21.0,41.0,1
Tan-Tan,28.4333,-11.1,2026-09-23,18.5,18.5,0.0,2,15.3,39.2,3
Sidi Qacem,34.21,-5.7,2026-09-17,18.6,18.6,0.0,0,14.1,30.6,3
Sidi Qacem,34.21,-5.7,2026-09-18,17.4,17.4,0.0,0,15.0,32.8,45
Sidi Qacem,34.21,-5.7,2026-09-19,20.3,20.3,0.0,0,15.7,34.2,2
Sidi Qacem,34.21,-5.7,2026-09-20,25.7,25.7,0.0,0,15.5,34.2,2
Sidi Qacem,34.21,-5.7,2026-09-21,23.2,23.2,0.0,3,12.7,25.9,1
Sidi Qacem,34.21,-5.7,2026-09-22,22.2,22.2,0.0,0,14.3,31.3,1
Sidi Qacem,34.21,-5.7,2026-09-23,21.0,21.0,0.0,0,13.8,32.4,0
M’diq,35.68,-5.32,2026-09-17,16.7,16.7,0.0,0,11.4,28.4,3
M’diq,35.68,-5.32,2026-09-18,19.7,19.7,0.3,0,17.4,39.2,45
M’diq,35.68,-5.32,2026-09-19,21.9,21.9,2.9,0,28.4,65.5,80
M’diq,35.68,-5.32,2026-09-20,23.0,23.0,5.3,0,23.0,50.4,80
M’diq,35.68,-5.32,2026-09-21,22.4,22.4,1.8,0,19.9,44.6,80
M’diq,35.68,-5.32,2026-09-22,22.1,22.1,0.0,0,26.7,54.7,2
M’diq,35.68,-5.32,2026-09-23,22.7,22.7,0.0,0,19.0,46.8,2
Youssoufia,32.25,-8.53,2026-09-17,17.2,17.2,0.0,0,18.6,38.9,2
Youssoufia,32.25,-8.53,2026-09-18,16.7,16.7,0.0,0,16.9,34.9,1
Youssoufia,32.25,-8.53,2026-09-19,16.6,16.6,0.0,0,16.4,34.6,2
Youssoufia,32.25,-8.53,2026-09-20,20.7,20.7,0.0,3,17.3,38.5,2
Youssoufia,32.25,-8.53,2026-09-21,21.7,21.7,0.0,0,17.9,39.2,1
Youssoufia,32.25,-8.53,2026-09-22,19.4,19.4,0.0,0,17.9,34.6,0
Youssoufia,32.25,-8.53,2026-09-23,18.9,18.9,0.0,0,18.3,36.7,45
Midalt,32.68,-4.74,2026-09-17,13.7,13.7,0.1,18,21.4,43.2,3
Midalt,32.68,-4.74,2026-09-18,13.6,13.6,0.0,8,23.7,42.5,2
Midalt,32.68,-4.74,2026-09-19,14.1,14.1,0.2,31,28.8,50.8,45
Midalt,32.68,-4.74,2026-09-20,14.9,14.9,0.0,13,16.9,37.1,3
Midalt,32.68,-4.74,2026-09-21,16.0,16.0,1.5,15,9.0,28.4,3
Midalt,32.68,-4.74,2026-09-22,13.2,13.2,0.0,5,19.2,31.0,3
Midalt,32.68,-4.74,2026-09-23,14.9,14.9,0.0,3,16.2,24.5,3
Aïn Harrouda,33.6372,-7.4483,2026-09-17,18.9,18.9,0.0,0,13.8,36.0,3
Aïn Harrouda,33.6372,-7.4483,2026-09-18,17.1,17.1,0.0,0,12.1,33.5,3
Aïn Harrouda,33.6372,-7.4483,2026-09-19,17.8,17.8,0.0,0,12.1,32.8,45
Aïn Harrouda,33.6372,-7.4483,2026-09-20,20.7,20.7,0.0,0,11.2,31.0,45
Aïn Harrouda,33.6372,-7.4483,2026-09-21,20.4,20.4,0.0,0,11.9,31.7,45
Aïn Harrouda,33.6372,-7.4483,2026-09-22,20.7,20.7,0.0,0,11.6,28.1,45
Aïn Harrouda,33.6372,-7.4483,2026-09-23,20.6,20.6,0.0,0,12.7,30.6,45
Souq Sebt Oulad Nemma,32.3,-6.7,2026-09-17,17.6,17.6,0.0,0,14.0,25.2,2
Souq Sebt Oulad Nemma,32.3,-6.7,2026-09-18,18.3,18.3,0.0,0,13.3,22.3,3
Souq Sebt Oulad Nemma,32.3,-6.7,2026-09-19,20.6,20.6,0.0,3,7.6,15.5,3
Souq Sebt Oulad Nemma,32.3,-6.7,2026-09-20,23.3,23.3,0.3,2,14.0,25.2,80
Souq Sebt Oulad Nemma,32.3,-6.7,2026-09-21,23.5,23.5,0.3,5,12.2,24.8,80
Souq Sebt Oulad Nemma,32.3,-6.7,2026-09-22,22.2,22.2,0.0,3,13.1,25.6,2
Souq Sebt Oulad Nemma,32.3,-6.7,2026-09-23,21.7,21.7,0.0,0,10.3,19.4,0
Mehdya,34.2557,-6.6745,2026-09-17,18.6,18.6,0.0,0,11.8,27.4,3
Mehdya,34.2557,-6.6745,2026-09-18,17.1,17.1,0.0,0,15.3,33.8,45
Mehdya,34.2557,-6.6745,2026-09-19,17.5,17.5,0.0,0,14.6,33.1,45
Mehdya,34.2557,-6.6745,2026-09-20,20.7,20.7,0.0,0,11.5,26.6,2
Mehdya,34.2557,-6.6745,2026-09-21,21.0,21.0,0.0,0,12.4,28.8,45
Mehdya,34.2557,-6.6745,2026-09-22,20.6,20.6,0.0,0,11.8,27.4,45
Mehdya,34.2557,-6.6745,2026-09-23,19.6,19.6,0.0,0,12.6,29.5,45
Ouezzane,34.8,-5.6,2026-09-17,16.4,16.4,0.0,0,15.8,31.0,3
Ouezzane,34.8,-5.6,2026-09-18,15.0,15.0,0.0,0,17.2,34.2,3
Ouezzane,34.8,-5.6,2026-09-19,17.8,17.8,0.0,0,17.3,35.3,1
Ouezzane,34.8,-5.6,2026-09-20,21.9,21.9,0.0,0,12.6,25.2,1
Ouezzane,34.8,-5.6,2026-09-21,20.9,20.9,0.0,5,10.4,20.9,1
Ouezzane,34.8,-5.6,2026-09-22,19.8,19.8,0.0,1,12.1,30.6,3
Ouezzane,34.8,-5.6,2026-09-23,17.9,17.9,0.0,0,12.5,27.4,0
Semara,26.7394,-11.6703,2026-09-17,20.3,20.3,0.0,0,29.5,51.1,3
Semara,26.7394,-11.6703,2026-09-18,18.9,18.9,0.0,0,25.0,43.9,3
Semara,26.7394,-11.6703,2026-09-19,18.4,18.4,0.0,0,19.7,33.1,3
Semara,26.7394,-11.6703,2026-09-20,18.5,18.5,0.0,0,13.0,27.7,3
Semara,26.7394,-11.6703,2026-09-21,21.9,21.9,0.0,7,19.9,40.0,1
Semara,26.7394,-11.6703,2026-09-22,23.2,23.2,0.0,9,18.1,50.4,0
Semara,26.7394,-11.6703,2026-09-23,23.0,23.0,0.0,9,22.3,40.7,0
Ait Ourir,31.5644,-7.6628,2026-09-17,16.3,16.3,0.0,0,11.1,22.0,2
Ait Ourir,31.5644,-7.6628,2026-09-18,16.7,16.7,0.0,0,11.5,22.3,2
Ait Ourir,31.5644,-7.6628,2026-09-19,19.6,19.6,0.0,3,10.6,20.9,3
Ait Ourir,31.5644,-7.6628,2026-09-20,22.8,22.8,0.6,25,18.4,37.4,80
Ait Ourir,31.5644,-7.6628,2026-09-21,22.2,22.2,0.9,13,14.8,33.8,80
Ait Ourir,31.5644,-7.6628,2026-09-22,20.8,20.8,0.0,9,13.0,25.6,1
Ait Ourir,31.5644,-7.6628,2026-09-23,18.7,18.7,0.0,3,11.5,22.7,1
Oulad Tayeb,33.9598,-4.9954,2026-09-17,17.5,17.5,0.0,0,14.2,27.7,45
Oulad Tayeb,33.9598,-4.9954,2026-09-18,17.4,17.4,0.0,0,13.3,27.0,3
Oulad Tayeb,33.9598,-4.9954,2026-09-19,19.6,19.6,0.0,0,19.3,38.2,2
Oulad Tayeb,33.9598,-4.9954,2026-09-20,21.2,21.2,0.0,0,16.3,31.7,2
Oulad Tayeb,33.9598,-4.9954,2026-09-21,21.9,21.9,0.0,3,16.7,28.8,3
Oulad Tayeb,33.9598,-4.9954,2026-09-22,20.8,20.8,0.0,0,11.3,28.8,1
Oulad Tayeb,33.9598,-4.9954,2026-09-23,21.3,21.3,0.0,0,12.3,30.2,1
Tit Mellil,33.5533,-7.4822,2026-09-17,18.6,18.6,0.0,0,13.3,36.0,3
Tit Mellil,33.5533,-7.4822,2026-09-18,16.9,16.9,0.0,0,12.6,33.8,3
Tit Mellil,33.5533,-7.4822,2026-09-19,18.1,18.1,0.0,0,12.7,34.2,45
Tit Mellil,33.5533,-7.4822,2026-09-20,20.4,20.4,0.0,0,11.7,31.3,45
Tit Mellil,33.5533,-7.4822,2026-09-21,20.1,20.1,0.0,0,12.4,33.5,45
Tit Mellil,33.5533,-7.4822,2026-09-22,20.2,20.2,0.0,0,11.4,29.9,45
Tit Mellil,33.5533,-7.4822,2026-09-23,20.2,20.2,0.0,3,12.3,32.4,45
Sidi Bennour,32.655,-8.4292,2026-09-17,17.6,17.6,0.0,0,19.5,33.8,3
Sidi Bennour,32.655,-8.4292,2026-09-18,16.5,16.5,0.0,0,20.3,34.9,2
Sidi Bennour,32.655,-8.4292,2026-09-19,16.6,16.6,0.0,0,19.1,33.1,3
Sidi Bennour,32.655,-8.4292,2026-09-20,19.3,19.3,0.0,0,18.4,33.1,2
Sidi Bennour,32.655,-8.4292,2026-09-21,18.7,18.7,0.0,0,18.8,33.8,45
Sidi Bennour,32.655,-8.4292,2026-09-22,19.2,19.2,0.0,0,16.6,33.8,45
Sidi Bennour,32.655,-8.4292,2026-09-23,19.1,19.1,0.0,0,18.7,37.1,45
Temsia,30.3633,-9.4144,2026-09-17,20.7,20.7,0.0,0,20.5,43.6,3
Temsia,30.3633,-9.4144,2026-09-18,19.5,19.5,0.0,0,19.2,41.4,2
Temsia,30.3633,-9.4144,2026-09-19,19.9,19.9,0.0,0,22.1,46.8,2
Temsia,30.3633,-9.4144,2026-09-20,20.1,20.1,0.0,0,19.6,43.2,2
Temsia,30.3633,-9.4144,2026-09-21,20.2,20.2,0.0,0,14.6,33.1,45
Temsia,30.3633,-9.4144,2026-09-22,20.2,20.2,0.0,0,28.3,47.2,45
Temsia,30.3633,-9.4144,2026-09-23,20.1,20.1,0.0,0,25.8,44.6,0
Biougra,30.2144,-9.3708,2026-09-17,20.7,20.7,0.0,0,29.7,49.3,3
Biougra,30.2144,-9.3708,2026-09-18,19.5,19.5,0.0,0,25.6,41.8,1
Biougra,30.2144,-9.3708,2026-09-19,19.9,19.9,0.0,0,21.7,36.0,45
Biougra,30.2144,-9.3708,2026-09-20,20.3,20.3,0.0,0,19.8,34.6,2
Biougra,30.2144,-9.3708,2026-09-21,20.8,20.8,0.0,0,17.8,29.9,3
Biougra,30.2144,-9.3708,2026-09-22,20.0,20.0,0.0,0,23.7,39.6,3
Biougra,30.2144,-9.3708,2026-09-23,18.7,18.7,0.0,3,22.0,38.5,0
Al Hoceïma,35.2472,-3.9322,2026-09-17,19.5,19.5,0.0,25,15.5,27.7,3
Al Hoceïma,35.2472,-3.9322,2026-09-18,18.7,18.7,0.0,0,19.2,36.7,3
Al Hoceïma,35.2472,-3.9322,2026-09-19,19.9,19.9,0.0,0,28.7,52.9,3
Al Hoceïma,35.2472,-3.9322,2026-09-20,23.3,23.3,0.0,5,26.5,47.2,2
Al Hoceïma,35.2472,-3.9322,2026-09-21,22.7,22.7,0.0,0,24.3,44.3,2
Al Hoceïma,35.2472,-3.9322,2026-09-22,20.1,20.1,0.0,0,13.0,24.5,2
Al Hoceïma,35.2472,-3.9322,2026-09-23,21.7,21.7,0.0,0,10.8,19.8,45
Qasbat Tadla,32.6,-6.26,2026-09-17,17.3,17.3,0.0,0,11.5,22.7,3
Qasbat Tadla,32.6,-6.26,2026-09-18,17.6,17.6,0.0,0,12.5,24.5,3
Qasbat Tadla,32.6,-6.26,2026-09-19,20.2,20.2,0.0,3,13.6,25.9,3
Qasbat Tadla,32.6,-6.26,2026-09-20,24.6,24.6,0.0,3,18.0,39.6,3
Qasbat Tadla,32.6,-6.26,2026-09-21,21.6,21.6,0.6,8,10.9,22.0,2
Qasbat Tadla,32.6,-6.26,2026-09-22,20.0,20.0,0.0,2,9.9,25.2,2
Qasbat Tadla,32.6,-6.26,2026-09-23,18.6,18.6,0.0,3,8.1,18.4,2
Aziylal,31.96,-6.56,2026-09-17,14.5,14.5,0.0,3,16.0,34.9,3
Aziylal,31.96,-6.56,2026-09-18,15.8,15.8,0.0,3,16.3,36.4,3
Aziylal,31.96,-6.56,2026-09-19,18.6,18.6,0.0,15,18.9,40.0,3
Aziylal,31.96,-6.56,2026-09-20,20.9,20.9,0.6,33,18.4,38.9,80
Aziylal,31.96,-6.56,2026-09-21,19.6,19.6,0.0,25,18.4,41.4,3
Aziylal,31.96,-6.56,2026-09-22,18.4,18.4,0.0,8,18.5,38.2,2
Aziylal,31.96,-6.56,2026-09-23,17.8,17.8,0.0,3,17.5,37.1,0
Boujad,32.7741,-6.3925,2026-09-17,17.3,17.3,0.0,0,16.6,31.3,1
Boujad,32.7741,-6.3925,2026-09-18,17.4,17.4,0.0,0,19.1,36.4,3
Boujad,32.7741,-6.3925,2026-09-19,20.8,20.8,0.0,0,20.2,36.7,3
Boujad,32.7741,-6.3925,2026-09-20,24.7,24.7,0.0,2,18.5,40.7,2
Boujad,32.7741,-6.3925,2026-09-21,21.4,21.4,0.6,8,12.3,26.3,3
Boujad,32.7741,-6.3925,2026-09-22,20.0,20.0,0.0,1,16.3,35.3,2
Boujad,32.7741,-6.3925,2026-09-23,21.1,21.1,0.0,0,14.9,34.6,1
Al Aaroui,35.0104,-3.0073,2026-09-17,17.8,17.8,0.0,0,18.1,31.7,3
Al Aaroui,35.0104,-3.0073,2026-09-18,19.5,19.5,0.0,0,25.0,43.6,45
Al Aaroui,35.0104,-3.0073,2026-09-19,20.6,20.6,0.0,3,28.5,50.8,3
Al Aaroui,35.0104,-3.0073,2026-09-20,22.2,22.2,0.0,0,29.8,52.2,3
Al Aaroui,35.0104,-3.0073,2026-09-21,21.1,21.1,0.0,3,26.0,46.4,45
Al Aaroui,35.0104,-3.0073,2026-09-22,19.6,19.6,0.0,3,19.1,37.1,45
Al Aaroui,35.0104,-3.0073,2026-09-23,19.0,19.0,0.0,0,17.6,35.3,45
Mrirt,33.1654,-5.5634,2026-09-17,15.2,15.2,0.0,0,20.0,41.0,3
Mrirt,33.1654,-5.5634,2026-09-18,14.1,14.1,0.0,0,18.1,40.7,3
Mrirt,33.1654,-5.5634,2026-09-19,16.8,16.8,0.0,15,15.7,33.8,3
Mrirt,33.1654,-5.5634,2026-09-20,20.0,20.0,0.6,5,18.5,52.6,3
Mrirt,33.1654,-5.5634,2026-09-21,19.6,19.6,0.0,13,19.2,43.6,2
Mrirt,33.1654,-5.5634,2026-09-22,16.8,16.8,0.0,2,17.1,36.4,2
Mrirt,33.1654,-5.5634,2026-09-23,15.8,15.8,0.0,3,21.4,40.3,2
Tineghir,31.5147,-5.5328,2026-09-17,19.1,19.1,0.0,30,26.6,43.2,3
Tineghir,31.5147,-5.5328,2026-09-18,18.4,18.4,0.0,33,18.9,32.4,3
Tineghir,31.5147,-5.5328,2026-09-19,20.3,20.3,0.3,19,21.7,33.8,61
Tineghir,31.5147,-5.5328,2026-09-20,18.4,18.4,0.6,25,23.2,40.3,3
Tineghir,31.5147,-5.5328,2026-09-21,18.7,18.7,1.8,48,18.3,32.0,80
Tineghir,31.5147,-5.5328,2026-09-22,17.6,17.6,0.3,11,15.7,28.1,3
Tineghir,31.5147,-5.5328,2026-09-23,18.1,18.1,0.0,10,15.8,27.7,2
Bouknadel,34.1766,-6.6893,2026-09-17,18.8,18.8,0.0,0,13.2,23.4,3
Bouknadel,34.1766,-6.6893,2026-09-18,17.3,17.3,0.0,0,17.3,29.5,45
Bouknadel,34.1766,-6.6893,2026-09-19,17.9,17.9,0.0,0,15.6,27.4,45
Bouknadel,34.1766,-6.6893,2026-09-20,20.8,20.8,0.0,0,12.2,21.6,2
Bouknadel,34.1766,-6.6893,2026-09-21,21.0,21.0,0.0,0,13.3,23.4,45
Bouknadel,34.1766,-6.6893,2026-09-22,20.6,20.6,0.0,0,11.8,27.4,45
Bouknadel,34.1766,-6.6893,2026-09-23,19.5,19.5,0.0,0,12.6,29.5,45
Cabo Bojador,26.1269,-14.4992,2026-09-17,20.9,20.9,0.1,0,31.5,56.5,51
Cabo Bojador,26.1269,-14.4992,2026-09-18,20.0,20.0,0.0,0,23.5,45.4,3
Cabo Bojador,26.1269,-14.4992,2026-09-19,19.4,19.4,0.0,0,21.4,41.4,3
Cabo Bojador,26.1269,-14.4992,2026-09-20,19.2,19.2,0.0,0,25.6,46.1,1
Cabo Bojador,26.1269,-14.4992,2026-09-21,19.4,19.4,0.0,2,26.6,48.2,2
Cabo Bojador,26.1269,-14.4992,2026-09-22,19.8,19.8,0.0,3,25.9,49.0,2
Cabo Bojador,26.1269,-14.4992,2026-09-23,19.6,19.6,0.0,6,24.8,49.7,1
Zagora,30.3316,-5.8376,2026-09-17,25.7,25.7,0.0,8,14.7,23.8,3
Zagora,30.3316,-5.8376,2026-09-18,24.9,24.9,0.0,3,12.1,19.4,3
Zagora,30.3316,-5.8376,2026-09-19,26.8,26.8,0.0,0,20.7,32.4,3
Zagora,30.3316,-5.8376,2026-09-20,24.0,24.0,0.0,0,20.8,32.4,3
Zagora,30.3316,-5.8376,2026-09-21,25.0,25.0,1.5,13,16.5,31.3,3
Zagora,30.3316,-5.8376,2026-09-22,23.3,23.3,0.9,4,8.9,16.9,3
Zagora,30.3316,-5.8376,2026-09-23,22.5,22.5,0.0,5,8.5,15.1,3
Azemmour,33.2833,-8.3333,2026-09-17,19.7,19.7,0.0,0,14.3,26.6,3
Azemmour,33.2833,-8.3333,2026-09-18,18.5,18.5,0.0,0,18.3,33.5,3
Azemmour,33.2833,-8.3333,2026-09-19,19.2,19.2,0.0,0,16.8,31.0,45
Azemmour,33.2833,-8.3333,2026-09-20,19.6,19.6,0.0,0,13.2,24.5,45
Azemmour,33.2833,-8.3333,2026-09-21,20.7,20.7,0.0,0,13.0,25.9,45
Azemmour,33.2833,-8.3333,2026-09-22,21.1,21.1,0.0,0,11.6,24.1,45
Azemmour,33.2833,-8.3333,2026-09-23,20.9,20.9,0.0,0,15.0,30.2,45
El Hajeb,33.6928,-5.3711,2026-09-17,15.6,15.6,0.0,0,16.5,36.0,3
El Hajeb,33.6928,-5.3711,2026-09-18,15.3,15.3,0.0,0,15.9,34.6,3
El Hajeb,33.6928,-5.3711,2026-09-19,17.9,17.9,0.0,3,17.9,40.7,2
El Hajeb,33.6928,-5.3711,2026-09-20,23.1,23.1,0.3,5,16.9,50.8,2
El Hajeb,33.6928,-5.3711,2026-09-21,21.2,21.2,0.0,5,20.4,42.5,2
El Hajeb,33.6928,-5.3711,2026-09-22,19.0,19.0,0.0,1,19.4,38.2,1
El Hajeb,33.6928,-5.3711,2026-09-23,19.4,19.4,0.0,3,19.7,39.6,1
Jerada,34.31,-2.16,2026-09-17,16.7,16.7,0.0,0,19.9,38.9,3
Jerada,34.31,-2.16,2026-09-18,15.6,15.6,0.0,5,23.7,50.4,3
Jerada,34.31,-2.16,2026-09-19,16.9,16.9,2.0,58,25.6,52.2,80
Jerada,34.31,-2.16,2026-09-20,18.0,18.0,0.6,10,18.3,51.8,3
Jerada,34.31,-2.16,2026-09-21,17.8,17.8,0.3,13,15.0,34.2,3
Jerada,34.31,-2.16,2026-09-22,16.9,16.9,0.0,4,20.2,39.6,2
Jerada,34.31,-2.16,2026-09-23,16.6,16.6,0.0,3,22.9,40.3,2
El Aïoun,34.5726,-2.5127,2026-09-17,15.5,15.5,0.0,0,14.9,25.2,3
El Aïoun,34.5726,-2.5127,2026-09-18,15.5,15.5,0.0,3,19.4,34.6,45
El Aïoun,34.5726,-2.5127,2026-09-19,19.1,19.1,0.1,23,21.6,41.4,80
El Aïoun,34.5726,-2.5127,2026-09-20,18.5,18.5,0.0,5,21.0,38.2,45
El Aïoun,34.5726,-2.5127,2026-09-21,19.7,19.7,0.0,5,20.2,35.6,45
El Aïoun,34.5726,-2.5127,2026-09-22,17.7,17.7,0.0,3,16.6,29.9,45
El Aïoun,34.5726,-2.5127,2026-09-23,17.3,17.3,0.0,0,17.4,30.6,0
Tameslouht,31.5,-8.1,2026-09-17,18.2,18.2,0.0,0,14.8,24.5,3
Tameslouht,31.5,-8.1,2026-09-18,17.8,17.8,0.0,0,11.2,19.8,2
Tameslouht,31.5,-8.1,2026-09-19,20.0,20.0,0.0,3,13.0,21.2,2
Tameslouht,31.5,-8.1,2026-09-20,22.5,22.5,1.2,25,17.1,32.0,80
Tameslouht,31.5,-8.1,2026-09-21,23.3,23.3,0.0,8,28.3,48.2,2
Tameslouht,31.5,-8.1,2026-09-22,21.9,21.9,0.0,1,14.3,28.8,0
Tameslouht,31.5,-8.1,2026-09-23,21.0,21.0,0.0,3,13.8,23.8,1
Sidi Yahia El Gharb,34.3058,-6.3058,2026-09-17,17.8,17.8,0.0,0,14.6,26.6,3
Sidi Yahia El Gharb,34.3058,-6.3058,2026-09-18,16.3,16.3,0.0,0,18.1,32.8,45
Sidi Yahia El Gharb,34.3058,-6.3058,2026-09-19,17.1,17.1,0.0,0,19.0,34.6,45
Sidi Yahia El Gharb,34.3058,-6.3058,2026-09-20,20.8,20.8,0.0,0,20.8,37.1,2
Sidi Yahia El Gharb,34.3058,-6.3058,2026-09-21,20.7,20.7,0.0,0,17.8,33.5,0
Sidi Yahia El Gharb,34.3058,-6.3058,2026-09-22,20.0,20.0,0.0,0,16.8,31.7,45
Sidi Yahia El Gharb,34.3058,-6.3058,2026-09-23,18.9,18.9,0.0,0,18.4,34.6,1
Chichaoua,31.5333,-8.7667,2026-09-17,18.3,18.3,0.0,0,16.6,27.0,3
Chichaoua,31.5333,-8.7667,2026-09-18,18.0,18.0,0.0,0,15.9,25.9,3
Chichaoua,31.5333,-8.7667,2026-09-19,18.5,18.5,0.0,0,19.1,35.3,2
Chichaoua,31.5333,-8.7667,2026-09-20,22.5,22.5,0.0,3,24.5,40.3,2
Chichaoua,31.5333,-8.7667,2026-09-21,22.5,22.5,0.0,0,24.0,41.0,1
Chichaoua,31.5333,-8.7667,2026-09-22,19.8,19.8,0.0,0,21.4,36.4,0
Chichaoua,31.5333,-8.7667,2026-09-23,19.7,19.7,0.0,0,18.9,30.6,0
Al ’Attawia,31.83,-7.31,2026-09-17,16.4,16.4,0.0,0,15.0,28.4,45
Al ’Attawia,31.83,-7.31,2026-09-18,16.8,16.8,0.0,0,12.7,23.4,3
Al ’Attawia,31.83,-7.31,2026-09-19,19.4,19.4,0.0,3,14.2,28.1,2
Al ’Attawia,31.83,-7.31,2026-09-20,22.3,22.3,0.3,13,17.0,32.4,3
Al ’Attawia,31.83,-7.31,2026-09-21,21.4,21.4,0.0,5,16.9,32.0,2
Al ’Attawia,31.83,-7.31,2026-09-22,20.1,20.1,0.0,5,13.6,24.8,1
Al ’Attawia,31.83,-7.31,2026-09-23,17.7,17.7,0.0,0,15.6,28.8,1
Tabount,30.9014,-6.9217,2026-09-17,19.3,19.3,1.0,30,17.9,31.3,80
Tabount,30.9014,-6.9217,2026-09-18,18.5,18.5,0.0,5,15.9,25.9,3
Tabount,30.9014,-6.9217,2026-09-19,21.0,21.0,0.0,5,16.2,30.2,3
Tabount,30.9014,-6.9217,2026-09-20,20.2,20.2,0.0,4,24.3,38.9,3
Tabount,30.9014,-6.9217,2026-09-21,20.8,20.8,0.3,10,16.2,25.2,3
Tabount,30.9014,-6.9217,2026-09-22,19.1,19.1,0.0,1,18.1,30.2,2
Tabount,30.9014,-6.9217,2026-09-23,17.2,17.2,0.0,5,4.9,11.9,2
Zaïo,34.9396,-2.7334,2026-09-17,19.3,19.3,0.0,0,14.3,31.0,3
Zaïo,34.9396,-2.7334,2026-09-18,19.4,19.4,0.0,0,20.7,42.8,45
Zaïo,34.9396,-2.7334,2026-09-19,20.5,20.5,0.0,0,26.2,61.6,3
Zaïo,34.9396,-2.7334,2026-09-20,21.5,21.5,0.0,0,20.9,51.1,45
Zaïo,34.9396,-2.7334,2026-09-21,20.9,20.9,0.0,0,18.6,47.9,45
Zaïo,34.9396,-2.7334,2026-09-22,19.7,19.7,0.0,0,20.5,36.4,45
Zaïo,34.9396,-2.7334,2026-09-23,19.4,19.4,0.0,0,19.3,34.2,45
Aguelmous,33.1324,-5.8366,2026-09-17,15.1,15.1,0.0,0,16.9,34.2,3
Aguelmous,33.1324,-5.8366,2026-09-18,15.5,15.5,0.0,0,18.2,40.0,3
Aguelmous,33.1324,-5.8366,2026-09-19,17.3,17.3,0.0,10,16.6,35.6,3
Aguelmous,33.1324,-5.8366,2026-09-20,20.9,20.9,0.6,10,15.8,49.7,80
Aguelmous,33.1324,-5.8366,2026-09-21,21.1,21.1,0.6,10,19.1,39.6,3
Aguelmous,33.1324,-5.8366,2026-09-22,17.1,17.1,0.0,1,17.8,36.7,2
Aguelmous,33.1324,-5.8366,2026-09-23,17.2,17.2,0.0,3,20.6,42.8,2
Asilah,35.4667,-6.0333,2026-09-17,18.7,18.7,0.0,0,14.0,26.6,3
Asilah,35.4667,-6.0333,2026-09-18,16.5,16.5,0.0,0,22.9,41.4,3
Asilah,35.4667,-6.0333,2026-09-19,22.8,22.8,0.0,0,36.4,67.3,2
Asilah,35.4667,-6.0333,2026-09-20,24.7,24.7,0.0,0,31.0,56.9,1
Asilah,35.4667,-6.0333,2026-09-21,24.1,24.1,0.0,0,25.8,46.8,2
Asilah,35.4667,-6.0333,2026-09-22,23.1,23.1,0.0,0,15.5,29.9,2
Asilah,35.4667,-6.0333,2026-09-23,21.4,21.4,0.0,0,14.1,29.9,1
Imzouren,35.1464,-3.8506,2026-09-17,18.5,18.5,0.0,0,16.6,29.5,3
Imzouren,35.1464,-3.8506,2026-09-18,18.2,18.2,0.0,0,18.1,32.8,3
Imzouren,35.1464,-3.8506,2026-09-19,19.5,19.5,0.0,0,27.4,49.7,3
Imzouren,35.1464,-3.8506,2026-09-20,22.1,22.1,0.0,0,21.4,38.9,2
Imzouren,35.1464,-3.8506,2026-09-21,21.3,21.3,0.0,0,19.5,36.7,2
Imzouren,35.1464,-3.8506,2026-09-22,19.3,19.3,0.0,0,13.5,25.2,1
Imzouren,35.1464,-3.8506,2026-09-23,19.6,19.6,0.0,0,11.9,22.7,1
Mediouna,33.4556,-7.5208,2026-09-17,17.8,17.8,0.0,0,15.9,29.2,3
Mediouna,33.4556,-7.5208,2026-09-18,16.7,16.7,0.0,0,16.1,29.2,3
Mediouna,33.4556,-7.5208,2026-09-19,17.4,17.4,0.0,0,16.3,29.9,45
Mediouna,33.4556,-7.5208,2026-09-20,20.5,20.5,0.0,0,15.3,28.1,45
Mediouna,33.4556,-7.5208,2026-09-21,19.7,19.7,0.0,0,17.3,32.0,45
Mediouna,33.4556,-7.5208,2026-09-22,19.7,19.7,0.0,0,11.4,29.9,45
Mediouna,33.4556,-7.5208,2026-09-23,19.8,19.8,0.0,0,12.3,32.4,45
Demnat,31.7311,-7.0361,2026-09-17,14.5,14.5,0.0,0,13.7,27.4,3
Demnat,31.7311,-7.0361,2026-09-18,14.7,14.7,0.0,0,11.4,22.7,3
Demnat,31.7311,-7.0361,2026-09-19,17.9,17.9,0.0,3,13.2,27.0,2
Demnat,31.7311,-7.0361,2026-09-20,21.6,21.6,0.3,20,18.6,36.4,3
Demnat,31.7311,-7.0361,2026-09-21,20.7,20.7,0.0,11,18.4,36.0,2
Demnat,31.7311,-7.0361,2026-09-22,19.9,19.9,0.0,11,15.8,32.4,2
Demnat,31.7311,-7.0361,2026-09-23,16.5,16.5,0.0,0,16.6,33.5,0
Aïn Taoujdat,33.9333,-5.2167,2026-09-17,16.7,16.7,0.0,0,14.9,29.2,45
Aïn Taoujdat,33.9333,-5.2167,2026-09-18,16.3,16.3,0.0,0,15.9,30.6,3
Aïn Taoujdat,33.9333,-5.2167,2026-09-19,18.5,18.5,0.0,3,16.4,32.0,2
Aïn Taoujdat,33.9333,-5.2167,2026-09-20,20.8,20.8,0.0,0,15.5,30.6,2
Aïn Taoujdat,33.9333,-5.2167,2026-09-21,21.0,21.0,0.0,5,14.0,27.0,2
Aïn Taoujdat,33.9333,-5.2167,2026-09-22,20.0,20.0,0.0,1,15.8,29.5,0
Aïn Taoujdat,33.9333,-5.2167,2026-09-23,19.6,19.6,0.0,0,18.8,34.9,1
Sidi Smai’il,32.8167,-8.5,2026-09-17,18.4,18.4,0.0,0,17.4,31.0,3
Sidi Smai’il,32.8167,-8.5,2026-09-18,18.1,18.1,0.0,0,18.9,33.5,3
Sidi Smai’il,32.8167,-8.5,2026-09-19,17.3,17.3,0.0,0,16.5,29.2,3
Sidi Smai’il,32.8167,-8.5,2026-09-20,19.9,19.9,0.0,0,15.7,28.4,45
Sidi Smai’il,32.8167,-8.5,2026-09-21,19.1,19.1,0.0,0,16.9,30.2,45
Sidi Smai’il,32.8167,-8.5,2026-09-22,19.4,19.4,0.0,0,15.3,29.2,45
Sidi Smai’il,32.8167,-8.5,2026-09-23,19.5,19.5,0.0,0,17.8,34.2,45
Moulay Bousselham,34.8786,-6.2933,2026-09-17,18.1,18.1,0.0,0,12.0,20.2,3
Moulay Bousselham,34.8786,-6.2933,2026-09-18,15.0,15.0,0.0,0,20.8,34.6,45
Moulay Bousselham,34.8786,-6.2933,2026-09-19,18.0,18.0,0.0,0,14.8,25.9,45
Moulay Bousselham,34.8786,-6.2933,2026-09-20,22.1,22.1,0.0,0,15.5,28.4,1
Moulay Bousselham,34.8786,-6.2933,2026-09-21,20.8,20.8,0.0,0,16.9,29.9,1
Moulay Bousselham,34.8786,-6.2933,2026-09-22,19.8,19.8,0.0,0,17.7,33.1,45
Moulay Bousselham,34.8786,-6.2933,2026-09-23,18.7,18.7,0.0,0,16.4,29.9,45
Mechraa Bel Ksiri,34.56,-5.95,2026-09-17,18.3,18.3,0.0,0,14.8,27.7,3
Mechraa Bel Ksiri,34.56,-5.95,2026-09-18,16.0,16.0,0.0,0,18.7,35.6,3
Mechraa Bel Ksiri,34.56,-5.95,2026-09-19,18.0,18.0,0.0,0,15.9,28.4,45
Mechraa Bel Ksiri,34.56,-5.95,2026-09-20,25.2,25.2,0.0,0,21.8,40.7,2
Mechraa Bel Ksiri,34.56,-5.95,2026-09-21,22.6,22.6,0.0,0,15.0,30.6,1
Mechraa Bel Ksiri,34.56,-5.95,2026-09-22,20.4,20.4,0.0,0,15.9,30.2,45
Mechraa Bel Ksiri,34.56,-5.95,2026-09-23,18.6,18.6,0.0,0,15.6,31.3,45
Souk et Tnine Jorf el Mellah,34.4945,-5.5047,2026-09-17,19.4,19.4,0.0,0,13.9,25.9,3
Souk et Tnine Jorf el Mellah,34.4945,-5.5047,2026-09-18,16.5,16.5,0.0,0,12.3,22.3,45
Souk et Tnine Jorf el Mellah,34.4945,-5.5047,2026-09-19,20.1,20.1,0.0,0,22.4,44.3,1
Souk et Tnine Jorf el Mellah,34.4945,-5.5047,2026-09-20,25.2,25.2,0.0,0,20.0,38.2,2
Souk et Tnine Jorf el Mellah,34.4945,-5.5047,2026-09-21,24.5,24.5,0.0,3,16.1,30.6,1
Souk et Tnine Jorf el Mellah,34.4945,-5.5047,2026-09-22,23.1,23.1,0.0,0,14.1,24.8,3
Souk et Tnine Jorf el Mellah,34.4945,-5.5047,2026-09-23,20.0,20.0,0.0,0,10.9,19.1,1
Zeghanghane,35.1575,-3.0017,2026-09-17,19.4,19.4,0.0,0,15.3,30.6,3
Zeghanghane,35.1575,-3.0017,2026-09-18,20.3,20.3,0.0,0,20.9,40.3,45
Zeghanghane,35.1575,-3.0017,2026-09-19,21.8,21.8,0.2,8,28.5,56.5,3
Zeghanghane,35.1575,-3.0017,2026-09-20,23.1,23.1,0.3,18,30.0,60.8,3
Zeghanghane,35.1575,-3.0017,2026-09-21,22.1,22.1,0.6,23,23.7,49.3,3
Zeghanghane,35.1575,-3.0017,2026-09-22,20.9,20.9,0.0,3,19.6,36.4,45
Zeghanghane,35.1575,-3.0017,2026-09-23,20.8,20.8,0.0,0,16.8,31.3,2
Oulad Barhil,30.6408,-8.475,2026-09-17,17.6,17.6,0.0,0,28.4,49.7,3
Oulad Barhil,30.6408,-8.475,2026-09-18,17.2,17.2,0.0,0,27.1,48.2,3
Oulad Barhil,30.6408,-8.475,2026-09-19,19.9,19.9,0.0,0,26.7,49.0,2
Oulad Barhil,30.6408,-8.475,2026-09-20,20.6,20.6,0.0,3,30.3,58.3,2
Oulad Barhil,30.6408,-8.475,2026-09-21,21.5,21.5,0.0,3,29.8,54.4,2
Oulad Barhil,30.6408,-8.475,2026-09-22,20.3,20.3,0.0,0,24.5,52.2,1
Oulad Barhil,30.6408,-8.475,2026-09-23,18.8,18.8,0.0,0,21.6,41.0,1
Bir Jdid,33.3737,-8.0002,2026-09-17,18.5,18.5,0.0,0,17.3,33.1,3
Bir Jdid,33.3737,-8.0002,2026-09-18,17.3,17.3,0.0,0,17.6,34.2,3
Bir Jdid,33.3737,-8.0002,2026-09-19,18.5,18.5,0.0,0,16.9,33.1,45
Bir Jdid,33.3737,-8.0002,2026-09-20,20.3,20.3,0.0,0,15.2,29.5,45
Bir Jdid,33.3737,-8.0002,2026-09-21,19.8,19.8,0.0,0,15.0,30.2,45
Bir Jdid,33.3737,-8.0002,2026-09-22,20.3,20.3,0.0,0,14.0,28.1,45
Bir Jdid,33.3737,-8.0002,2026-09-23,20.1,20.1,0.0,0,16.7,33.1,45
Bou Arfa,32.531,-1.9631,2026-09-17,17.0,17.0,0.0,5,20.6,31.7,3
Bou Arfa,32.531,-1.9631,2026-09-18,18.7,18.7,0.4,20,15.1,29.5,3
Bou Arfa,32.531,-1.9631,2026-09-19,19.5,19.5,1.1,50,23.7,52.9,80
Bou Arfa,32.531,-1.9631,2026-09-20,16.7,16.7,0.9,24,15.3,23.8,3
Bou Arfa,32.531,-1.9631,2026-09-21,17.2,17.2,10.5,43,16.7,42.1,95
Bou Arfa,32.531,-1.9631,2026-09-22,16.0,16.0,0.0,15,11.8,18.7,3
Bou Arfa,32.531,-1.9631,2026-09-23,16.7,16.7,0.0,13,15.0,24.1,2
Tahannawt,31.3514,-7.9508,2026-09-17,14.4,14.4,0.0,0,14.5,27.7,3
Tahannawt,31.3514,-7.9508,2026-09-18,14.7,14.7,0.0,0,13.2,25.9,2
Tahannawt,31.3514,-7.9508,2026-09-19,18.3,18.3,0.0,15,12.1,25.6,2
Tahannawt,31.3514,-7.9508,2026-09-20,21.4,21.4,0.3,28,14.0,32.0,3
Tahannawt,31.3514,-7.9508,2026-09-21,21.2,21.2,1.2,13,16.0,43.9,80
Tahannawt,31.3514,-7.9508,2026-09-22,19.3,19.3,0.0,9,15.5,27.7,0
Tahannawt,31.3514,-7.9508,2026-09-23,16.6,16.6,0.0,0,13.9,25.6,2
Arfoud,31.4361,-4.2328,2026-09-17,21.5,21.5,0.1,10,23.7,37.8,3
Arfoud,31.4361,-4.2328,2026-09-18,21.3,21.3,0.0,13,19.8,35.3,3
Arfoud,31.4361,-4.2328,2026-09-19,23.3,23.3,0.0,10,30.6,55.1,3
Arfoud,31.4361,-4.2328,2026-09-20,21.6,21.6,0.6,9,20.3,49.0,80
Arfoud,31.4361,-4.2328,2026-09-21,22.6,22.6,1.8,30,31.7,57.6,61
Arfoud,31.4361,-4.2328,2026-09-22,19.6,19.6,0.0,13,7.0,13.7,3
Arfoud,31.4361,-4.2328,2026-09-23,21.6,21.6,0.0,7,5.6,10.8,2
Tahla,34.05,-4.42,2026-09-17,16.3,16.3,0.0,0,13.5,25.9,3
Tahla,34.05,-4.42,2026-09-18,16.0,16.0,0.0,0,13.7,26.3,2
Tahla,34.05,-4.42,2026-09-19,20.3,20.3,0.0,0,25.2,50.4,2
Tahla,34.05,-4.42,2026-09-20,21.7,21.7,0.0,0,20.0,45.7,2
Tahla,34.05,-4.42,2026-09-21,21.8,21.8,0.0,3,19.7,37.1,2
Tahla,34.05,-4.42,2026-09-22,21.1,21.1,0.0,0,11.8,22.0,1
Tahla,34.05,-4.42,2026-09-23,20.3,20.3,0.0,0,17.3,30.6,0
Missour,33.05,-3.9908,2026-09-17,16.8,16.8,0.0,25,24.9,39.6,3
Missour,33.05,-3.9908,2026-09-18,15.6,15.6,0.0,15,30.3,49.7,3
Missour,33.05,-3.9908,2026-09-19,17.6,17.6,8.8,48,22.7,42.1,81
Missour,33.05,-3.9908,2026-09-20,18.8,18.8,0.3,5,19.2,35.3,3
Missour,33.05,-3.9908,2026-09-21,18.8,18.8,2.1,28,20.7,37.4,80
Missour,33.05,-3.9908,2026-09-22,18.1,18.1,0.0,8,20.1,30.6,3
Missour,33.05,-3.9908,2026-09-23,18.5,18.5,0.0,0,22.6,34.9,3
Sidi Lmokhtar,31.57,-9.01,2026-09-17,17.8,17.8,0.0,0,21.4,35.6,3
Sidi Lmokhtar,31.57,-9.01,2026-09-18,17.1,17.1,0.0,0,19.4,32.4,2
Sidi Lmokhtar,31.57,-9.01,2026-09-19,18.2,18.2,0.0,0,16.4,28.1,2
Sidi Lmokhtar,31.57,-9.01,2026-09-20,22.1,22.1,0.0,0,18.8,31.3,2
Sidi Lmokhtar,31.57,-9.01,2026-09-21,22.2,22.2,0.0,0,20.0,33.1,1
Sidi Lmokhtar,31.57,-9.01,2026-09-22,18.3,18.3,0.0,3,21.0,36.4,0
Sidi Lmokhtar,31.57,-9.01,2026-09-23,17.9,17.9,0.0,3,18.7,36.0,0
Douar Toulal,33.8951,-5.6021,2026-09-17,15.7,15.7,0.0,0,14.3,33.1,45
Douar Toulal,33.8951,-5.6021,2026-09-18,15.9,15.9,0.0,0,14.8,35.6,3
Douar Toulal,33.8951,-5.6021,2026-09-19,18.9,18.9,0.0,3,11.6,27.0,3
Douar Toulal,33.8951,-5.6021,2026-09-20,22.7,22.7,0.0,3,13.4,31.7,2
Douar Toulal,33.8951,-5.6021,2026-09-21,21.2,21.2,0.0,3,14.8,34.2,2
Douar Toulal,33.8951,-5.6021,2026-09-22,19.6,19.6,0.0,0,17.1,32.4,1
Douar Toulal,33.8951,-5.6021,2026-09-23,20.0,20.0,0.0,0,17.9,34.9,1
Oulad Yaïch,32.4167,-6.3333,2026-09-17,17.8,17.8,0.0,0,13.3,23.8,2
Oulad Yaïch,32.4167,-6.3333,2026-09-18,18.6,18.6,0.0,0,9.5,17.3,3
Oulad Yaïch,32.4167,-6.3333,2026-09-19,21.2,21.2,0.0,0,7.6,14.0,3
Oulad Yaïch,32.4167,-6.3333,2026-09-20,24.8,24.8,0.0,2,14.4,29.2,3
Oulad Yaïch,32.4167,-6.3333,2026-09-21,23.6,23.6,0.3,3,13.4,29.2,3
Oulad Yaïch,32.4167,-6.3333,2026-09-22,24.0,24.0,0.0,2,18.3,34.2,2
Oulad Yaïch,32.4167,-6.3333,2026-09-23,24.4,24.4,0.0,3,16.6,31.3,1
Zawyat ech Cheïkh,32.6541,-5.9214,2026-09-17,15.0,15.0,0.0,0,12.3,23.0,3
Zawyat ech Cheïkh,32.6541,-5.9214,2026-09-18,16.2,16.2,0.0,0,10.7,19.4,3
Zawyat ech Cheïkh,32.6541,-5.9214,2026-09-19,19.0,19.0,0.0,0,13.4,24.8,3
Zawyat ech Cheïkh,32.6541,-5.9214,2026-09-20,21.6,21.6,0.0,5,14.3,36.0,2
Zawyat ech Cheïkh,32.6541,-5.9214,2026-09-21,19.5,19.5,0.6,3,12.0,27.4,3
Zawyat ech Cheïkh,32.6541,-5.9214,2026-09-22,19.5,19.5,0.0,0,9.7,19.1,3
Zawyat ech Cheïkh,32.6541,-5.9214,2026-09-23,20.2,20.2,0.0,0,11.6,21.2,2
Imi-n-Tanout,31.177,-8.8504,2026-09-17,16.1,16.1,0.0,0,18.9,32.0,45
Imi-n-Tanout,31.177,-8.8504,2026-09-18,15.6,15.6,0.0,0,15.5,28.1,3
Imi-n-Tanout,31.177,-8.8504,2026-09-19,19.9,19.9,0.0,0,16.0,28.4,2
Imi-n-Tanout,31.177,-8.8504,2026-09-20,22.1,22.1,0.6,28,14.1,30.2,3
Imi-n-Tanout,31.177,-8.8504,2026-09-21,23.2,23.2,0.6,13,15.5,30.2,2
Imi-n-Tanout,31.177,-8.8504,2026-09-22,22.3,22.3,0.0,2,18.4,36.4,1
Imi-n-Tanout,31.177,-8.8504,2026-09-23,20.8,20.8,0.0,0,16.0,28.8,1
Sebt Gzoula,32.1219,-9.0889,2026-09-17,18.2,18.2,0.0,0,18.5,34.9,2
Sebt Gzoula,32.1219,-9.0889,2026-09-18,17.8,17.8,0.0,0,18.4,35.3,1
Sebt Gzoula,32.1219,-9.0889,2026-09-19,18.1,18.1,0.0,0,16.1,31.0,2
Sebt Gzoula,32.1219,-9.0889,2026-09-20,20.3,20.3,0.0,0,15.5,31.0,2
Sebt Gzoula,32.1219,-9.0889,2026-09-21,21.1,21.1,0.0,0,15.0,28.8,1
Sebt Gzoula,32.1219,-9.0889,2026-09-22,18.1,18.1,0.0,0,14.0,26.6,45
Sebt Gzoula,32.1219,-9.0889,2026-09-23,18.9,18.9,0.0,0,16.2,30.6,45
Tifariti,26.158,-10.567,2026-09-17,17.8,17.8,0.0,0,37.4,55.4,2
Tifariti,26.158,-10.567,2026-09-18,16.2,16.2,0.0,0,35.4,54.4,3
Tifariti,26.158,-10.567,2026-09-19,16.7,16.7,0.0,0,25.3,38.5,3
Tifariti,26.158,-10.567,2026-09-20,18.0,18.0,0.0,0,17.2,29.2,0
Tifariti,26.158,-10.567,2026-09-21,24.8,24.8,0.0,9,22.7,40.7,0
Tifariti,26.158,-10.567,2026-09-22,25.8,25.8,0.0,7,17.8,33.1,1
Tifariti,26.158,-10.567,2026-09-23,24.3,24.3,0.0,6,26.3,47.2,3
